JPN,CHN,PHN,KOR,ASN,ETP,MASTER,ADHOC_OLD
RJAA,ZBAA,RPLC,RKJB,VCBI,UAAA,CYVR,WIII
RJAF,ZBAD,RPLL,RKJJ,VDPP,UEEE,CYXY,ZUDC
RJAH,ZBAL,RPLP,RKJK,VDSR,UHHH,CYYZ,ZUHY
RJAK,ZBAR,RPMC,RKJM,VDSV,UHMA,EBBR,ZUJZ
RJAM,ZBCD,RPMD,RKJU,VECC,UHMM,EBLG,ZUZH
RJAN,ZBCF,RPME,RKJY,VGHS,UHPP,EDDF,ZUZY
RJAW,ZBCZ,RPMG,RKND,VHHH,UHSS,EDDM,RJNT
RJAZ,ZBDH,RPMO,RKNN,VIDP,UHWW,EFHK,ZYDD
RJBB,ZBDS,RPMP,RKNW,VLVT,UIBB,EGKK,ZYJS
RJBD,ZBDT,RPMY,RKNY,VMMC,UIII,EGLL,ZYYJ
RJBE,ZBEN,RPNS,RKPC,VNKT,ULLI,EGSS,LIRF
RJBH,ZBER,RPSP,RKPD,VRMM,UMMS,EHAM,
RJBK,ZBES,RPUN,RKPE,VTBS,UNAA,EKCH,
RJBT,ZBHD,RPUT,RKPK,VTCC,UNNT,ELLX,
RJCA,ZBHH,RPVA,RKPS,VTCT,UOOO,EPWA,
RJCB,ZBHZ,RPVD,RKPU,VTSG,USCC,ESSA,
RJCC,ZBLA,RPVE,RKRS,VTSM,UUDD,FAOR,
RJCH,ZBLF,RPVI,RKSG,VTSP,UUEE,HECA,
RJCJ,ZBLL,RPVJ,RKSI,VVCR,UWLW,HKJK,
RJCK,ZBMZ,RPVK,RKSM,VVDN,,KBOS,
RJCM,ZBOW,RPVM,RKSO,VVNB,,KJFK,
RJCN,ZBSJ,RPVP,RKSS,VVTS,,KLAX,
RJCO,ZBTJ,RPVR,RKSW,VYMD,,KIAD,
RJCR,ZBTL,RPVV,RKTA,VYYY,,KORD,
RJCT,ZBTS,,RKTE,WADD,,KSEA,
RJCW,ZBUC,,RKTH,WAHI,,KSFO,
RJDA,ZBUH,,RKTI,WARR,,LEBL,
RJDB,ZBUL,,RKTL,WBKK,,LEMD,
RJDC,ZBXH,,RKTN,WIII,,LFPG,
RJDK,ZBXZ,,RKTP,WIOO,,LGAV,
RJDM,ZBYC,,RKTU,WMKK,,LHBP,
RJDO,ZBYN,,RKTY,WSSS,,LIMC,
RJDT,ZBYZ,,,,,LIRF,
RJEB,ZBZJ,,,,,LKPR,
RJEC,ZBZL,,,,,LOWW,
RJEO,ZGBH,,,,,LSGG,
RJER,ZGBS,,,,,LSZH,
RJFA,ZGCD,,,,,LTFM,
RJFC,ZGCJ,,,,,MMGL,
RJFE,ZGDY,,,,,MMSM,
RJFF,ZGFS,,,,,NZAA,
RJFG,ZGGG,,,,,OMDB,
RJFK,ZGHA,,,,,OPIS,
RJFM,ZGHC,,,,,OPKC,
RJFN,ZGHY,,,,,PAFA,
RJFO,ZGHZ,,,,,PANC,
RJFR,ZGKL,,,,,PASY,
RJFS,ZGLG,,,,,PGSN,
RJFT,ZGMX,,,,,PGUM,
RJFU,ZGNN,,,,,PWAK,
RJFY,ZGOW,,,,,RCKH,
RJFZ,ZGSD,,,,,RCSS,
RJGG,ZGSY,,,,,RCTP,
RJKA,ZGSZ,,,,,RJAA,
RJKB,ZGWZ,,,,,RJAF,
RJKI,ZGYL,,,,,RJAH,
RJKN,ZGYY,,,,,RJAK,
RJNA,ZGZH,,,,,RJAM,
RJNF,ZGZJ,,,,,RJAN,
RJNG,ZHCC,,,,,RJAW,
RJNH,ZHES,,,,,RJAZ,
RJNK,ZHHH,,,,,RJBB,
RJNO,ZHJZ,,,,,RJBD,
RJNS,ZHLY,,,,,RJBE,
RJNT,ZHNY,,,,,RJBH,
RJNW,ZHSN,,,,,RJBK,
RJNY,ZHSY,,,,,RJBT,
RJOA,ZHXF,,,,,RJCA,
RJOB,ZHXY,,,,,RJCB,
RJOC,ZHYC,,,,,RJCC,
RJOE,ZJHK,,,,,RJCH,
RJOF,ZJQH,,,,,RJCJ,
RJOH,ZJSY,,,,,RJCK,
RJOI,ZJYX,,,,,RJCM,
RJOK,ZLAK,,,,,RJCN,
RJOM,ZLDH,,,,,RJCO,
RJOO,ZLDL,,,,,RJCR,
RJOR,ZLGL,,,,,RJCT,
RJOS,ZLGM,,,,,RJCW,
RJOT,ZLGY,,,,,RJDA,
RJOW,ZLHB,,,,,RJDB,
RJOY,ZLHX,,,,,RJDC,
RJOZ,ZLHZ,,,,,RJDK,
RJSA,ZLIC,,,,,RJDM,
RJSC,ZLJC,,,,,RJDO,
RJSD,ZLJN,,,,,RJDT,
RJSF,ZLJQ,,,,,RJEB,
RJSH,ZLLL,,,,,RJEC,
RJSI,ZLLN,,,,,RJEO,
RJSK,ZLQY,,,,,RJER,
RJSM,ZLTS,,,,,RJFA,
RJSN,ZLXH,,,,,RJFC,
RJSO,ZLXN,,,,,RJFE,
RJSR,ZLXY,,,,,RJFF,
RJSS,ZLYA,,,,,RJFG,
RJST,ZLYL,,,,,RJFK,
RJSU,ZLYS,,,,,RJFM,
RJSY,ZLZW,,,,,RJFN,
RJTA,ZLZY,,,,,RJFO,
RJTC,ZPBS,,,,,RJFR,
RJTE,ZPCW,,,,,RJFS,
RJTF,ZPDL,,,,,RJFT,
RJTH,ZPDQ,,,,,RJFU,
RJTJ,ZPJH,,,,,RJFY,
RJTK,ZPJM,,,,,RJFZ,
RJTL,ZPLC,,,,,RJGG,
RJTO,ZPLJ,,,,,RJKA,
RJTQ,ZPLX,,,,,RJKB,
RJTT,ZPMS,,,,,RJKI,
RJTU,ZPNL,,,,,RJKN,
RJTY,ZPPP,,,,,RJNA,
ROAH,ZPSM,,,,,RJNF,
RODN,ZPTC,,,,,RJNG,
ROIG,ZPWS,,,,,RJNH,
ROIT,ZPZT,,,,,RJNK,
ROKJ,ZSAM,,,,,RJNO,
ROKR,ZSAQ,,,,,RJNS,
ROMD,ZSCG,,,,,RJNT,
ROMY,ZSCN,,,,,RJNW,
RORA,ZSDY,,,,,RJNY,
RORE,ZSFY,,,,,RJOA,
RORH,ZSFZ,,,,,RJOB,
RORK,ZSGS,,,,,RJOC,
RORS,ZSGZ,,,,,RJOE,
RORT,ZSHC,,,,,RJOF,
RORY,ZSJA,,,,,RJOH,
ROTM,ZSJD,,,,,RJOI,
ROYN,ZSJH,,,,,RJOK,
,ZSJN,,,,,RJOM,
,ZSJU,,,,,RJOO,
,ZSLD,,,,,RJOR,
,ZSLG,,,,,RJOS,
,ZSLQ,,,,,RJOT,
,ZSLY,,,,,RJOW,
,ZSNB,,,,,RJOY,
,ZSNJ,,,,,RJOZ,
,ZSNT,,,,,RJSA,
,ZSOF,,,,,RJSC,
,ZSPD,,,,,RJSD,
,ZSQD,,,,,RJSF,
,ZSQZ,,,,,RJSH,
,ZSRZ,,,,,RJSI,
,ZSSH,,,,,RJSK,
,ZSSM,,,,,RJSM,
,ZSSR,,,,,RJSN,
,ZSSS,,,,,RJSO,
,ZSTX,,,,,RJSR,
,ZSWA,,,,,RJSS,
,ZSWF,,,,,RJST,
,ZSWH,,,,,RJSU,
,ZSWX,,,,,RJSY,
,ZSWY,,,,,RJTA,
,ZSWZ,,,,,RJTC,
,ZSXZ,,,,,RJTE,
,ZSYA,,,,,RJTF,
,ZSYC,,,,,RJTH,
,ZSYN,,,,,RJTJ,
,ZSYT,,,,,RJTK,
,ZSYW,,,,,RJTL,
,ZSZS,,,,,RJTO,
,ZUAL,,,,,RJTQ,
,ZUAS,,,,,RJTT,
,ZUBD,,,,,RJTU,
,ZUBJ,,,,,RJTY,
,ZUBZ,,,,,RKJB,
,ZUCK,,,,,RKJJ,
,ZUDC,,,,,RKJK,
,ZUDX,,,,,RKJM,
,ZUGU,,,,,RKJU,
,ZUGY,,,,,RKJY,
,ZUGZ,,,,,RKND,
,ZUHY,,,,,RKNN,
,ZUJZ,,,,,RKNW,
,ZUKD,,,,,RKNY,
,ZUKJ,,,,,RKPC,
,ZULB,,,,,RKPD,
,ZULS,,,,,RKPE,
,ZULZ,,,,,RKPK,
,ZUMT,,,,,RKPS,
,ZUMY,,,,,RKPU,
,ZUNC,,,,,RKRS,
,ZUNP,,,,,RKSG,
,ZUNZ,,,,,RKSI,
,ZUPS,,,,,RKSM,
,ZUQJ,,,,,RKSO,
,ZURK,,,,,RKSS,
,ZUTF,,,,,RKSW,
,ZUTR,,,,,RKTA,
,ZUUU,,,,,RKTE,
,ZUWL,,,,,RKTH,
,ZUWS,,,,,RKTI,
,ZUWX,,,,,RKTL,
,ZUXC,,,,,RKTN,
,ZUYB,,,,,RKTP,
,ZUYI,,,,,RKTU,
,ZUZH,,,,,RKTY,
,ZUZY,,,,,ROAH,
,ZWAK,,,,,RODN,
,ZWAT,,,,,ROIG,
,ZWBL,,,,,ROIT,
,ZWCM,,,,,ROKJ,
,ZWFY,,,,,ROKR,
,ZWHM,,,,,ROMD,
,ZWHZ,,,,,ROMY,
,ZWKC,,,,,RORA,
,ZWKL,,,,,RORE,
,ZWKM,,,,,RORH,
,ZWKN,,,,,RORK,
,ZWNL,,,,,RORS,
,ZWRQ,,,,,RORT,
,ZWSC,,,,,RORY,
,ZWSH,,,,,ROTM,
,ZWTC,,,,,ROYN,
,ZWTL,,,,,RPLC,
,ZWTN,,,,,RPLL,
,ZWTP,,,,,RPLP,
,ZWTS,,,,,RPMC,
,ZWWW,,,,,RPMD,
,ZWYN,,,,,RPME,
,ZWYT,,,,,RPMG,
,ZYAS,,,,,RPMO,
,ZYBA,,,,,RPMP,
,ZYBS,,,,,RPMY,
,ZYCC,,,,,RPNS,
,ZYCH,,,,,RPSP,
,ZYCY,,,,,RPUN,
,ZYDD,,,,,RPUT,
,ZYDQ,,,,,RPVA,
,ZYDU,,,,,RPVD,
,ZYFY,,,,,RPVE,
,ZYHB,,,,,RPVI,
,ZYHE,,,,,RPVJ,
,ZYJD,,,,,RPVK,
,ZYJM,,,,,RPVM,
,ZYJS,,,,,RPVP,
,ZYJX,,,,,RPVR,
,ZYJZ,,,,,RPVV,
,ZYLD,,,,,SBEG,
,ZYMD,,,,,SBGR,
,ZYMH,,,,,SBRJ,
,ZYQQ,,,,,SKMR,
,ZYSQ,,,,,SKPE,
,ZYTL,,,,,SKPT,
,ZYTN,,,,,UAAA,
,ZYTX,,,,,UACC,
,ZYYJ,,,,,UEEE,
,ZYYK,,,,,UHHH,
,,,,,,UHMA,
,,,,,,UHMM,
,,,,,,UHPP,
,,,,,,UHSS,
,,,,,,UHWW,
,,,,,,UIAA,
,,,,,,UIBB,
,,,,,,UIII,
,,,,,,ULLI,
,,,,,,UMMS,
,,,,,,UNAA,
,,,,,,UNNT,
,,,,,,UOOO,
,,,,,,USCC,
,,,,,,UUDD,
,,,,,,UUEE,
,,,,,,UWLW,
,,,,,,VCBI,
,,,,,,VDPP,
,,,,,,VDSR,
,,,,,,VDSV,
,,,,,,VECC,
,,,,,,VGHS,
,,,,,,VHHH,
,,,,,,VIDP,
,,,,,,VLVT,
,,,,,,VMMC,
,,,,,,VNKT,
,,,,,,VRMM,
,,,,,,VTBD,
,,,,,,VTBS,
,,,,,,VTCC,
,,,,,,VTCT,
,,,,,,VTSG,
,,,,,,VTSM,
,,,,,,VTSP,
,,,,,,VVCR,
,,,,,,VVDN,
,,,,,,VVNB,
,,,,,,VVTS,
,,,,,,VYMD,
,,,,,,VYYY,
,,,,,,WADD,
,,,,,,WAHI,
,,,,,,WARR,
,,,,,,WBKK,
,,,,,,WIII,
,,,,,,WIOO,
,,,,,,WMKK,
,,,,,,WSSS,
,,,,,,YMML,
,,,,,,YSSY,
,,,,,,ZBAA,
,,,,,,ZBAD,
,,,,,,ZBAL,
,,,,,,ZBAR,
,,,,,,ZBCD,
,,,,,,ZBCF,
,,,,,,ZBCZ,
,,,,,,ZBDH,
,,,,,,ZBDS,
,,,,,,ZBDT,
,,,,,,ZBEN,
,,,,,,ZBER,
,,,,,,ZBES,
,,,,,,ZBHD,
,,,,,,ZBHH,
,,,,,,ZBHZ,
,,,,,,ZBLA,
,,,,,,ZBLF,
,,,,,,ZBLL,
,,,,,,ZBMZ,
,,,,,,ZBOW,
,,,,,,ZBSJ,
,,,,,,ZBTJ,
,,,,,,ZBTL,
,,,,,,ZBTS,
,,,,,,ZBUC,
,,,,,,ZBUH,
,,,,,,ZBUL,
,,,,,,ZBXH,
,,,,,,ZBXZ,
,,,,,,ZBYC,
,,,,,,ZBYN,
,,,,,,ZBYZ,
,,,,,,ZBZJ,
,,,,,,ZBZL,
,,,,,,ZGBH,
,,,,,,ZGBS,
,,,,,,ZGCD,
,,,,,,ZGCJ,
,,,,,,ZGDY,
,,,,,,ZGFS,
,,,,,,ZGGG,
,,,,,,ZGHA,
,,,,,,ZGHC,
,,,,,,ZGHY,
,,,,,,ZGHZ,
,,,,,,ZGKL,
,,,,,,ZGLG,
,,,,,,ZGMX,
,,,,,,ZGNN,
,,,,,,ZGOW,
,,,,,,ZGSD,
,,,,,,ZGSY,
,,,,,,ZGSZ,
,,,,,,ZGWZ,
,,,,,,ZGXX,
,,,,,,ZGYL,
,,,,,,ZGYY,
,,,,,,ZGZH,
,,,,,,ZGZJ,
,,,,,,ZHCC,
,,,,,,ZHES,
,,,,,,ZHHH,
,,,,,,ZHJZ,
,,,,,,ZHLY,
,,,,,,ZHNY,
,,,,,,ZHSN,
,,,,,,ZHSY,
,,,,,,ZHXF,
,,,,,,ZHXY,
,,,,,,ZHYC,
,,,,,,ZJHK,
,,,,,,ZJQH,
,,,,,,ZJSY,
,,,,,,ZJYX,
,,,,,,ZLAK,
,,,,,,ZLDH,
,,,,,,ZLDL,
,,,,,,ZLGL,
,,,,,,ZLGM,
,,,,,,ZLGY,
,,,,,,ZLHB,
,,,,,,ZLHX,
,,,,,,ZLHZ,
,,,,,,ZLIC,
,,,,,,ZLJC,
,,,,,,ZLJN,
,,,,,,ZLJQ,
,,,,,,ZLLL,
,,,,,,ZLLN,
,,,,,,ZLQY,
,,,,,,ZLTS,
,,,,,,ZLXH,
,,,,,,ZLXN,
,,,,,,ZLXY,
,,,,,,ZLYA,
,,,,,,ZLYL,
,,,,,,ZLYS,
,,,,,,ZLZW,
,,,,,,ZLZY,
,,,,,,ZPBS,
,,,,,,ZPCW,
,,,,,,ZPDL,
,,,,,,ZPDQ,
,,,,,,ZPJH,
,,,,,,ZPJM,
,,,,,,ZPLC,
,,,,,,ZPLJ,
,,,,,,ZPLX,
,,,,,,ZPMS,
,,,,,,ZPNL,
,,,,,,ZPPP,
,,,,,,ZPSM,
,,,,,,ZPTC,
,,,,,,ZPWS,
,,,,,,ZPZT,
,,,,,,ZSAM,
,,,,,,ZSAQ,
,,,,,,ZSCG,
,,,,,,ZSCN,
,,,,,,ZSDY,
,,,,,,ZSFY,
,,,,,,ZSFZ,
,,,,,,ZSGS,
,,,,,,ZSGZ,
,,,,,,ZSHC,
,,,,,,ZSJA,
,,,,,,ZSJD,
,,,,,,ZSJJ,
,,,,,,ZSJG,
,,,,,,ZSJH,
,,,,,,ZSJN,
,,,,,,ZSJU,
,,,,,,ZSLD,
,,,,,,ZSLG,
,,,,,,ZSLQ,
,,,,,,ZSLY,
,,,,,,ZSNB,
,,,,,,ZSNJ,
,,,,,,ZSNT,
,,,,,,ZSOF,
,,,,,,ZSPD,
,,,,,,ZSQD,
,,,,,,ZSQZ,
,,,,,,ZSRZ,
,,,,,,ZSSH,
,,,,,,ZSSM,
,,,,,,ZSSR,
,,,,,,ZSSS,
,,,,,,ZSTX,
,,,,,,ZSWA,
,,,,,,ZSWF,
,,,,,,ZSWH,
,,,,,,ZSWX,
,,,,,,ZSWY,
,,,,,,ZSWZ,
,,,,,,ZSXZ,
,,,,,,ZSYA,
,,,,,,ZSYC,
,,,,,,ZSYN,
,,,,,,ZSYT,
,,,,,,ZSYW,
,,,,,,ZSZS,
,,,,,,ZUAL,
,,,,,,ZUAS,
,,,,,,ZUBD,
,,,,,,ZUBJ,
,,,,,,ZUBZ,
,,,,,,ZUCK,
,,,,,,ZUDA,
,,,,,,ZUDC,
,,,,,,ZUDX,
,,,,,,ZUGU,
,,,,,,ZUGY,
,,,,,,ZUGZ,
,,,,,,ZUHY,
,,,,,,ZUJZ,
,,,,,,ZUKD,
,,,,,,ZUKJ,
,,,,,,ZULB,
,,,,,,ZULS,
,,,,,,ZULZ,
,,,,,,ZUMT,
,,,,,,ZUMY,
,,,,,,ZUNC,
,,,,,,ZUNP,
,,,,,,ZUNZ,
,,,,,,ZUPS,
,,,,,,ZUQJ,
,,,,,,ZURK,
,,,,,,ZUTF,
,,,,,,ZUTR,
,,,,,,ZUUU,
,,,,,,ZUWL,
,,,,,,ZUWS,
,,,,,,ZUWX,
,,,,,,ZUXC,
,,,,,,ZUYB,
,,,,,,ZUYI,
,,,,,,ZUZH,
,,,,,,ZUZY,
,,,,,,ZWAK,
,,,,,,ZWAT,
,,,,,,ZWBL,
,,,,,,ZWCM,
,,,,,,ZWFY,
,,,,,,ZWHM,
,,,,,,ZWHZ,
,,,,,,ZWKC,
,,,,,,ZWKL,
,,,,,,ZWKM,
,,,,,,ZWKN,
,,,,,,ZWNL,
,,,,,,ZWRQ,
,,,,,,ZWSC,
,,,,,,ZWSH,
,,,,,,ZWTC,
,,,,,,ZWTL,
,,,,,,ZWTN,
,,,,,,ZWTP,
,,,,,,ZWTS,
,,,,,,ZWWW,
,,,,,,ZWYN,
,,,,,,ZWYT,
,,,,,,ZYAS,
,,,,,,ZYBA,
,,,,,,ZYBS,
,,,,,,ZYCC,
,,,,,,ZYCH,
,,,,,,ZYCY,
,,,,,,ZYDD,
,,,,,,ZYDQ,
,,,,,,ZYDU,
,,,,,,ZYFY,
,,,,,,ZYHB,
,,,,,,ZYHE,
,,,,,,ZYJD,
,,,,,,ZYJM,
,,,,,,ZYJS,
,,,,,,ZYJX,
,,,,,,ZYJZ,
,,,,,,ZYLD,
,,,,,,ZYMD,
,,,,,,ZYMH,
,,,,,,ZYQQ,
,,,,,,ZYSQ,
,,,,,,ZYTL,
,,,,,,ZYTN,
,,,,,,ZYTX,
,,,,,,ZYYJ,
,,,,,,ZYYK,